{
    "of": 53.66800000000002,
    "comp_time": 0.380908727645874,
    "mip_gap": 0.0
}