{
    "of": 40.15789999999996,
    "comp_time": 0.18904662132263184,
    "mip_gap": 0.0
}