{
    "of": 40.71370000000007,
    "comp_time": 0.19935178756713867,
    "mip_gap": 0.0
}