{
    "of": 482.0272984735801,
    "comp_time": 600.0053119659424,
    "mip_gap": 0.7272169177966812
}