{
    "of": 43.89199999999998,
    "comp_time": 0.26276588439941406,
    "mip_gap": 0.0
}