{
    "of": 195.46800000000016,
    "comp_time": 600.0444433689117,
    "mip_gap": 0.4250730119509866
}