{
    "of": 83.05950000000001,
    "comp_time": 0.4815666675567627,
    "mip_gap": 0.0
}