{
    "of": 42.62299999999999,
    "comp_time": 0.1301560401916504,
    "mip_gap": 0.0
}