{
    "of": 56.225600000000014,
    "comp_time": 0.39859652519226074,
    "mip_gap": 0.0
}