{
    "of": 289.11750000000006,
    "comp_time": 600.050751209259,
    "mip_gap": 0.44736641557874723
}