{
    "of": 68.5390000000001,
    "comp_time": 0.19812870025634766,
    "mip_gap": 0.0
}