{
    "of": 156.945,
    "comp_time": 600.0441026687622,
    "mip_gap": 0.34359144842452155
}