{
    "of": 111.12839999999997,
    "comp_time": 0.22050690650939941,
    "mip_gap": 0.5832919397741733
}