{
    "of": 176.57589999999487,
    "comp_time": 600.0167455673218,
    "mip_gap": 0.36672161336882725
}