{
    "of": 323.81499999999556,
    "comp_time": 600.0359618663788,
    "mip_gap": 0.5870459804365431
}