{
    "of": 348.7802999999986,
    "comp_time": 600.0079457759857,
    "mip_gap": 0.6972727572865877
}