{
    "of": 55.314999999999955,
    "comp_time": 0.2831258773803711,
    "mip_gap": 0.0
}