{
    "of": 536.6854999999957,
    "comp_time": 600.0248391628265,
    "mip_gap": 0.7390482789387657
}