{
    "of": 182.08849999999904,
    "comp_time": 600.0388193130493,
    "mip_gap": 0.18618693657204657
}