{
    "of": 84.23870000000001,
    "comp_time": 0.9438197612762451,
    "mip_gap": 0.0
}