{
    "of": 245.83949999999882,
    "comp_time": 600.0068542957306,
    "mip_gap": 0.5894973171865926
}