{
    "of": 272.6630999999998,
    "comp_time": 600.0333330631256,
    "mip_gap": 0.43500488798350084
}