{
    "of": 200.86509999999362,
    "comp_time": 600.0446600914001,
    "mip_gap": 0.5095341641443528
}