{
    "of": 165.2434999999999,
    "comp_time": 600.0192143917084,
    "mip_gap": 0.2965749334927108
}