{
    "of": 106.4134999999998,
    "comp_time": 600.0268211364746,
    "mip_gap": 0.2778468059650506
}