{
    "of": 59.634000000000015,
    "comp_time": 0.3363771438598633,
    "mip_gap": 0.0
}