{
    "of": 77.91500000000003,
    "comp_time": 0.5118427276611328,
    "mip_gap": 0.0
}