{
    "of": 326.9575000000005,
    "comp_time": 600.0189003944397,
    "mip_gap": 0.7142393113744459
}