{
    "of": 164.21549999999775,
    "comp_time": 600.0061087608337,
    "mip_gap": 0.43321588481479073
}