{
    "of": 92.41899999999994,
    "comp_time": 0.22564077377319336,
    "mip_gap": 0.507236377573153
}