{
    "of": 152.28599999999994,
    "comp_time": 600.0449414253235,
    "mip_gap": 0.19657796059447816
}