{
    "of": 610.9957999999543,
    "comp_time": 600.0167179107666,
    "mip_gap": 0.6575913643684254
}