{
    "of": 49.49999999999996,
    "comp_time": 0.2818160057067871,
    "mip_gap": 0.0
}