{
    "of": 48.95859999999998,
    "comp_time": 0.19506025314331055,
    "mip_gap": 0.0
}