{
    "of": 522.5593999999971,
    "comp_time": 600.0159227848053,
    "mip_gap": 0.7394555868867911
}