{
    "of": 357.62679999999995,
    "comp_time": 600.014997959137,
    "mip_gap": 0.5837664766986621
}