{
    "of": 74.95479999999989,
    "comp_time": 0.26189494132995605,
    "mip_gap": 0.0
}